0,0.827377243866,0.73769513178,-0.592480599804,-0.502445171436
1,-1.56610692589,-1.35557353834,0.638789012042,0.786845293588
1,0.827377243866,-1.35557353834,-0.284663196842,-0.488854257585
1,-1.56610692589,-1.35557353834,0.407925959821,0.420730236069
0,0.827377243866,0.73769513178,0.407925959821,-0.486337421687
0,0.827377243866,0.73769513178,2.53903584495e-12,-0.478116428909
0,-1.56610692589,0.73769513178,1.87005862389,0.395813560675
0,0.827377243866,0.73769513178,-2.13156761461,-0.224083121082
1,0.827377243866,-1.35557353834,-0.207708846102,-0.424256140685
1,-0.369364841012,-1.35557353834,-1.20811540573,-0.0429555020886
1,0.827377243866,-1.35557353834,-1.97765891313,-0.312172377523
1,-1.56610692589,-1.35557353834,2.17787602685,-0.113845708735
0,0.827377243866,0.73769513178,-0.746389301284,-0.486337421687
0,0.827377243866,0.73769513178,0.715743362782,-0.0187093117785
0,0.827377243866,-1.35557353834,-1.20811540573,-0.490279793438
1,-0.369364841012,-1.35557353834,1.94701297463,-0.326266658554
0,0.827377243866,0.73769513178,-2.13156761461,-0.0619988892297
1,-0.369364841012,0.73769513178,2.53903584495e-12,-0.386670720113
0,0.827377243866,-1.35557353834,0.10010855686,-0.28599728418
1,0.827377243866,-1.35557353834,2.53903584495e-12,-0.502948538616
0,-0.369364841012,0.73769513178,0.407925959821,-0.124919786688
1,-0.369364841012,0.73769513178,0.330971609081,-0.386670720113
1,0.827377243866,-1.35557353834,-1.13116105499,-0.48675622318
1,-1.56610692589,0.73769513178,-0.130754495361,0.0663597415848
0,0.827377243866,-1.35557353834,-1.66984151017,-0.224083121082
1,0.827377243866,-1.35557353834,0.638789012042,-0.01644415947
0,0.827377243866,0.73769513178,2.53903584495e-12,-0.502948538616
0,-1.56610692589,0.73769513178,-0.823343652025,4.64700107653
1,0.827377243866,-1.35557353834,2.53903584495e-12,-0.489776426258
0,0.827377243866,0.73769513178,2.53903584495e-12,-0.489442190451
0,-1.56610692589,0.73769513178,0.792697713523,-0.0902720169771
1,-1.56610692589,-1.35557353834,2.53903584495e-12,2.30172882079
1,0.827377243866,-1.35557353834,2.53903584495e-12,-0.492377827843
0,-0.369364841012,0.73769513178,2.79351083277,-0.43700743808
0,-1.56610692589,0.73769513178,-0.130754495361,1.00606170033
0,-1.56610692589,0.73769513178,0.946606415003,0.398582080163
1,0.827377243866,0.73769513178,2.53903584495e-12,-0.50286397293
0,0.827377243866,0.73769513178,-0.669434950544,-0.486337421687
0,0.827377243866,-1.35557353834,-0.900298002765,-0.28599728418
1,0.827377243866,-1.35557353834,-1.20811540573,-0.422073540594
0,0.827377243866,-1.35557353834,0.792697713523,-0.457645492446
0,-0.369364841012,-1.35557353834,-0.207708846102,-0.225593222621
0,0.827377243866,0.73769513178,2.53903584495e-12,-0.489442190451
1,-0.369364841012,-1.35557353834,-2.05461326387,0.188762531929
1,0.827377243866,-1.35557353834,-0.823343652025,-0.489776426258
0,0.827377243866,0.73769513178,2.53903584495e-12,-0.486337421687
0,0.827377243866,0.73769513178,2.53903584495e-12,-0.336334002147
1,0.827377243866,-1.35557353834,2.53903584495e-12,-0.492377827843
0,0.827377243866,0.73769513178,2.53903584495e-12,-0.211917743084
0,0.827377243866,-1.35557353834,-0.900298002765,-0.290024221618
0,0.827377243866,0.73769513178,-1.74679586091,0.150673744179
0,0.827377243866,0.73769513178,-0.669434950544,-0.491371093484
1,-1.56610692589,-1.35557353834,1.48528687019,0.896496786538
1,-0.369364841012,-1.35557353834,-0.0538001446212,-0.124919786688
0,-1.56610692589,0.73769513178,2.71655648203,0.599510150536
1,-1.56610692589,0.73769513178,2.53903584495e-12,0.0663597415848
1,-0.369364841012,-1.35557353834,-0.669434950544,-0.43700743808
0,0.827377243866,0.73769513178,-0.0922773199913,-0.50286397293
1,-0.369364841012,-1.35557353834,-1.90070456239,-0.0896840841112
0,0.827377243866,0.73769513178,-1.43897845795,0.295895175512
0,0.827377243866,0.73769513178,-0.592480599804,-0.50286397293
1,-1.56610692589,-1.35557353834,0.638789012042,0.962353321388
0,-1.56610692589,0.73769513178,1.17746946722,1.03232135936
0,0.827377243866,0.73769513178,-1.97765891313,-0.0866638810332
0,-1.56610692589,0.73769513178,2.53903584495e-12,-0.0902720169771
1,0.827377243866,0.73769513178,2.53903584495e-12,-0.34145223963
1,-0.369364841012,-1.35557353834,-0.0538001446212,-0.43700743808
0,0.827377243866,0.73769513178,-0.823343652025,-0.484156835065
1,0.827377243866,-1.35557353834,-0.977252353505,-0.488854257585
0,0.827377243866,0.73769513178,-0.284663196842,-0.474004925785
0,-0.369364841012,0.73769513178,0.1770629076,-0.43700743808
0,0.827377243866,-1.35557353834,-1.05420670425,0.295895175512
0,-0.369364841012,0.73769513178,-0.669434950544,0.831477854675
0,0.827377243866,0.73769513178,-0.284663196842,-0.357390858007
1,0.827377243866,0.73769513178,0.1770629076,0.489103606817
0,0.827377243866,0.73769513178,-0.361617547583,-0.494391296562
0,0.827377243866,0.73769513178,2.53903584495e-12,-0.489442190451
0,0.827377243866,0.73769513178,2.53903584495e-12,-0.486337421687
1,-0.369364841012,0.73769513178,-2.22160420498,-0.064515725128
1,0.827377243866,-1.35557353834,0.0231542061192,-0.397241430886
0,0.827377243866,0.73769513178,-0.592480599804,-0.46720946886
1,0.827377243866,0.73769513178,-0.0538001446212,-0.457142125266
1,0.827377243866,-1.35557353834,2.53903584495e-12,-0.491622777073
0,-1.56610692589,0.73769513178,-0.130754495361,0.299922112949
1,-0.369364841012,-1.35557353834,-0.977252353505,-0.43700743808
1,0.827377243866,-1.35557353834,0.25401725834,-0.329286861632
0,0.827377243866,0.73769513178,-1.05420670425,0.0437082184999
0,0.827377243866,0.73769513178,2.53903584495e-12,-0.486337421687
1,-1.56610692589,-1.35557353834,-0.515526249063,4.64700107653
0,0.827377243866,0.73769513178,-0.438571898323,-0.486337421687
0,0.827377243866,0.73769513178,-0.0538001446212,-0.486337421687
0,0.827377243866,0.73769513178,-0.746389301284,-0.490279793438
0,-1.56610692589,0.73769513178,1.25442381796,0.5833178351
0,0.827377243866,0.73769513178,-0.284663196842,-0.234150464675
0,0.827377243866,0.73769513178,2.25483037759,-0.502445171436
0,0.827377243866,0.73769513178,2.53903584495e-12,-0.486337421687
0,-1.56610692589,0.73769513178,3.17828258647,0.0493298231624
1,-1.56610692589,0.73769513178,-0.515526249063,0.627277897635
1,-0.369364841012,-1.35557353834,0.330971609081,-0.185323848248
0,-0.369364841012,0.73769513178,0.330971609081,-0.124919786688
0,0.827377243866,-1.35557353834,-0.130754495361,-0.489442190451
0,0.827377243866,0.73769513178,2.53903584495e-12,-0.489442190451
0,-1.56610692589,0.73769513178,-0.669434950544,0.907737982394
0,0.827377243866,0.73769513178,0.25401725834,-0.474172043689
0,0.827377243866,0.73769513178,0.561834661302,-0.488854257585
0,0.827377243866,0.73769513178,-0.130754495361,-0.489442190451
1,0.827377243866,-1.35557353834,-0.669434950544,-0.494391296562
1,0.827377243866,0.73769513178,2.53903584495e-12,-0.491874460663
0,0.827377243866,0.73769513178,0.638789012042,-0.489442190451
1,0.827377243866,-1.35557353834,2.53903584495e-12,-0.162168957983
0,-1.56610692589,0.73769513178,1.3313781687,0.398582080163
0,0.827377243866,-1.35557353834,-1.16963823036,-0.357390858007
0,0.827377243866,0.73769513178,-0.592480599804,-0.486337421687
0,0.827377243866,-1.35557353834,-0.746389301284,-0.450598351931
0,0.827377243866,-1.35557353834,-0.977252353505,-0.357308305789
0,0.827377243866,0.73769513178,-0.669434950544,-0.488854257585
0,0.827377243866,0.73769513178,3.1398054111,-0.492377827843
0,-0.369364841012,0.73769513178,-0.0538001446212,-0.225593222621
0,-1.56610692589,0.73769513178,-0.438571898323,4.33533222663
0,0.827377243866,-1.35557353834,-2.13156761461,-0.0187093117785
0,-0.369364841012,0.73769513178,-0.669434950544,0.831477854675
0,0.827377243866,0.73769513178,2.53903584495e-12,-0.486337421687
0,-0.369364841012,0.73769513178,0.21554008297,-0.0429555020886
1,-0.369364841012,-1.35557353834,0.21554008297,-0.386670720113
0,-1.56610692589,0.73769513178,1.87005862389,0.907737982394
1,0.827377243866,0.73769513178,-1.36202410721,-0.422073540594
0,0.827377243866,0.73769513178,2.53903584495e-12,-0.492377827843
1,0.827377243866,0.73769513178,-0.438571898323,-0.504625758058
1,0.827377243866,-1.35557353834,2.53903584495e-12,-0.198244277015
0,0.827377243866,0.73769513178,1.17746946722,-0.507982210413
0,0.827377243866,0.73769513178,0.25401725834,-0.489442190451
0,0.827377243866,0.73769513178,-0.746389301284,-0.506472108874
0,0.827377243866,-1.35557353834,1.3313781687,-0.356468689333
1,-0.369364841012,-1.35557353834,-0.0538001446212,-0.124919786688
0,-0.369364841012,0.73769513178,-0.361617547583,-0.386670720113
0,-0.369364841012,0.73769513178,-0.515526249063,-0.345479177067
1,-1.56610692589,-1.35557353834,-0.823343652025,-0.119215629808
0,-1.56610692589,0.73769513178,0.561834661302,0.420730236069
0,0.827377243866,0.73769513178,-1.05420670425,-0.462846282146
0,-1.56610692589,0.73769513178,-0.438571898323,0.946245571638
0,0.827377243866,-1.35557353834,2.53903584495e-12,-0.34145223963
1,0.827377243866,-1.35557353834,-0.592480599804,-0.492377827843
1,0.827377243866,-1.35557353834,-0.438571898323,-0.329286861632
0,0.827377243866,0.73769513178,-0.823343652025,-0.512512515029
0,-0.369364841012,0.73769513178,-0.900298002765,-0.416872750893
0,-0.369364841012,0.73769513178,-0.823343652025,0.091528100568
1,0.827377243866,0.73769513178,-0.207708846102,-0.49145565917
0,0.827377243866,-1.35557353834,-1.59288715943,0.0437082184999
0,-0.369364841012,0.73769513178,0.523357485931,-0.124919786688
0,-0.369364841012,0.73769513178,0.946606415003,-0.386670720113
0,-0.369364841012,0.73769513178,1.63919557167,-0.396234696527
1,-1.56610692589,-1.35557353834,-0.592480599804,0.692548513088
0,0.827377243866,0.73769513178,1.98549015,-0.486337421687
0,0.827377243866,0.73769513178,0.831174888893,-0.356468689333
0,0.827377243866,0.73769513178,2.53903584495e-12,-0.501186753487
0,-1.56610692589,0.73769513178,1.63919557167,0.587429338224
1,0.827377243866,-1.35557353834,-1.05420670425,-0.492714077119
0,0.827377243866,0.73769513178,0.0231542061192,-0.486337421687
0,0.827377243866,0.73769513178,2.53903584495e-12,-0.474004925785
0,0.827377243866,0.73769513178,2.53903584495e-12,0.751945840288
0,0.827377243866,0.73769513178,1.10051511648,-0.324253189835
1,-0.369364841012,-1.35557353834,0.792697713523,-0.33130033035
0,0.827377243866,0.73769513178,-0.284663196842,-0.491874460663
0,0.827377243866,0.73769513178,-0.977252353505,-0.474004925785
0,0.827377243866,0.73769513178,-2.20852196535,0.150673744179
1,0.827377243866,0.73769513178,-1.59288715943,-0.235157199034
1,-1.56610692589,-1.35557353834,2.53903584495e-12,0.458986141723
0,0.827377243866,-1.35557353834,1.17746946722,-0.0866638810332
0,-1.56610692589,0.73769513178,2.53903584495e-12,-0.126429888227
0,0.827377243866,0.73769513178,-0.130754495361,0.489103606817
0,-1.56610692589,0.73769513178,2.40873907907,0.0260903672116
0,0.827377243866,0.73769513178,-1.97765891313,-0.0619988892297
1,0.827377243866,-1.35557353834,-2.20852196535,-0.424256140685
0,0.827377243866,0.73769513178,-0.669434950544,-0.488854257585
0,-1.56610692589,0.73769513178,2.02396732537,-0.030371322597
0,0.827377243866,0.73769513178,-0.900298002765,-0.490279793438
0,0.827377243866,0.73769513178,2.53903584495e-12,-0.135657615364
0,-1.56610692589,-1.35557353834,1.56224122093,-0.0703044476942
0,-0.369364841012,0.73769513178,0.0231542061192,-0.386670720113
0,0.827377243866,0.73769513178,0.484880310561,-0.648421653539
0,0.827377243866,-1.35557353834,2.53903584495e-12,0.751945840288
0,-0.369364841012,0.73769513178,2.53903584495e-12,-0.345394611381
0,0.827377243866,0.73769513178,-1.59288715943,-0.01644415947
1,-0.369364841012,0.73769513178,-2.20852196535,0.136831146738
1,0.827377243866,-1.35557353834,-1.97765891313,-0.204955168254
0,-1.56610692589,0.73769513178,2.53903584495e-12,0.35831270579
1,0.827377243866,-1.35557353834,2.53903584495e-12,-0.336334002147
1,-1.56610692589,0.73769513178,1.17746946722,-0.113845708735
0,0.827377243866,0.73769513178,0.792697713523,-0.336334002147
0,0.827377243866,0.73769513178,0.484880310561,-0.489442190451
1,-0.369364841012,-1.35557353834,0.1770629076,-0.386670720113
0,-0.369364841012,0.73769513178,-0.823343652025,-0.386670720113
1,0.827377243866,-1.35557353834,-0.823343652025,-0.490279793438
1,-0.369364841012,0.73769513178,-2.05461326387,-0.124919786688
1,-1.56610692589,-1.35557353834,1.10051511648,-0.0902720169771
1,-1.56610692589,-1.35557353834,2.17787602685,2.30172882079
0,0.827377243866,0.73769513178,2.53903584495e-12,-0.492377827843
0,0.827377243866,0.73769513178,0.946606415003,-0.479205715485
1,0.827377243866,-1.35557353834,2.53903584495e-12,-0.492377827843
0,-0.369364841012,-1.35557353834,-0.438571898323,-0.386670720113
0,0.827377243866,0.73769513178,-0.130754495361,-0.457142125266
0,0.827377243866,0.73769513178,2.53903584495e-12,0.751945840288
0,0.827377243866,0.73769513178,0.330971609081,-0.517630752512
0,0.827377243866,0.73769513178,1.21594664259,-0.502948538616
1,0.827377243866,0.73769513178,-0.900298002765,-0.486337421687
0,0.827377243866,-1.35557353834,-2.13156761461,-0.437762488849
0,0.827377243866,0.73769513178,0.1770629076,-0.329286861632
1,0.827377243866,0.73769513178,-0.284663196842,-0.270141218021
1,0.827377243866,-1.35557353834,-1.05420670425,-0.492377827843
1,-1.56610692589,0.73769513178,0.792697713523,-0.0242463507548
0,0.827377243866,0.73769513178,-0.438571898323,-0.506472108874
1,-0.369364841012,-1.35557353834,0.407925959821,-0.225593222621
0,0.827377243866,0.73769513178,-0.592480599804,-0.502445171436
0,-0.369364841012,0.73769513178,0.0231542061192,-0.386670720113
0,0.827377243866,0.73769513178,2.53903584495e-12,-0.492377827843
1,-1.56610692589,-1.35557353834,0.10010855686,1.63233503752
1,0.827377243866,-1.35557353834,-0.207708846102,-0.488854257585
0,-0.369364841012,0.73769513178,0.946606415003,-0.104785099501
1,-1.56610692589,-1.35557353834,0.1770629076,0.887687860894
0,-0.369364841012,0.73769513178,0.0231542061192,-0.43700743808
1,0.827377243866,0.73769513178,-1.05420670425,-0.486337421687
0,-0.369364841012,0.73769513178,-0.207708846102,-0.386670720113
0,0.827377243866,0.73769513178,1.63919557167,-0.486337421687
0,0.827377243866,0.73769513178,2.53903584495e-12,-0.489442190451
1,-1.56610692589,0.73769513178,0.638789012042,1.16370019325
0,0.827377243866,0.73769513178,-0.592480599804,-0.460162328344
1,-0.369364841012,0.73769513178,-0.823343652025,-0.43700743808
0,0.827377243866,0.73769513178,-0.707912125914,-0.502445171436
0,-0.369364841012,0.73769513178,-0.900298002765,-0.386670720113
0,0.827377243866,-1.35557353834,2.53903584495e-12,-0.135657615364
1,-1.56610692589,-1.35557353834,0.407925959821,1.03232135936
0,0.827377243866,0.73769513178,-0.0538001446212,-0.491874460663
0,-0.369364841012,0.73769513178,2.25483037759,-0.37660337652
1,0.827377243866,-1.35557353834,-1.90070456239,-0.01644415947
0,-0.369364841012,0.73769513178,-0.438571898323,-0.43700743808
0,0.827377243866,-1.35557353834,2.53903584495e-12,-0.49640476528
0,-0.369364841012,0.73769513178,1.10051511648,-0.124919786688
1,-0.369364841012,-1.35557353834,-1.66984151017,-0.119886114891
0,-0.369364841012,0.73769513178,-0.823343652025,-0.43700743808
0,-0.369364841012,0.73769513178,0.25401725834,-0.401268368324
0,0.827377243866,-1.35557353834,2.53903584495e-12,-0.357390858007
1,0.827377243866,-1.35557353834,2.53903584495e-12,-0.336334002147
0,-0.369364841012,0.73769513178,-0.0538001446212,-0.43700743808
0,0.827377243866,0.73769513178,-0.592480599804,-0.504962007335
0,0.827377243866,0.73769513178,0.0231542061192,-0.502948538616
0,-1.56610692589,0.73769513178,1.10051511648,1.16370019325
0,0.827377243866,-1.35557353834,-0.361617547583,-0.491874460663
1,-0.369364841012,-1.35557353834,-0.438571898323,-0.356468689333
1,-1.56610692589,0.73769513178,0.561834661302,0.409740723802
0,-0.369364841012,0.73769513178,1.87005862389,-0.124919786688
0,0.827377243866,0.73769513178,2.53903584495e-12,-0.502445171436
0,0.827377243866,-1.35557353834,-0.0538001446212,-0.437762488849
0,-1.56610692589,0.73769513178,2.48569342981,-0.113845708735
0,0.827377243866,0.73769513178,0.0231542061192,-0.324253189835
0,0.827377243866,-1.35557353834,0.869652064263,-0.24144928878
1,0.827377243866,-1.35557353834,-0.0538001446212,-0.34145223963
1,-1.56610692589,-1.35557353834,2.53903584495e-12,0.946245571638
1,-1.56610692589,-1.35557353834,0.0231542061192,1.0932287881
1,-1.56610692589,-1.35557353834,0.407925959821,9.66716652501
1,-0.369364841012,-1.35557353834,1.56224122093,-0.124919786688
0,0.827377243866,0.73769513178,2.53903584495e-12,-0.492377827843
1,0.827377243866,0.73769513178,-2.05461326387,-0.01644415947
0,-1.56610692589,0.73769513178,1.71614992241,0.955306180872
0,-1.56610692589,0.73769513178,0.792697713523,-0.648421653539
0,0.827377243866,-1.35557353834,2.53903584495e-12,-0.492377827843
0,-0.369364841012,0.73769513178,0.484880310561,-0.43700743808
0,0.827377243866,0.73769513178,-1.05420670425,0.150673744179
1,0.827377243866,0.73769513178,-0.361617547583,-0.491874460663
1,-1.56610692589,-1.35557353834,2.17787602685,2.44149777883
1,-1.56610692589,-1.35557353834,0.407925959821,2.08251241405
0,-1.56610692589,0.73769513178,2.53903584495e-12,-0.0242463507548
1,0.827377243866,0.73769513178,-0.361617547583,-0.648421653539
1,-0.369364841012,-1.35557353834,0.869652064263,-0.255795253401
0,-1.56610692589,0.73769513178,0.561834661302,-0.0504214440974
1,0.827377243866,-1.35557353834,2.53903584495e-12,-0.492377827843
1,-1.56610692589,-1.35557353834,2.56264778055,0.921244330559
0,0.827377243866,-1.35557353834,1.17746946722,-0.492377827843
0,-0.369364841012,0.73769513178,2.53903584495e-12,-0.648421653539
0,0.827377243866,0.73769513178,-1.74679586091,-0.0619988892297
1,0.827377243866,-1.35557353834,0.407925959821,-0.240694238011
0,0.827377243866,0.73769513178,2.71655648203,-0.492377827843
0,0.827377243866,0.73769513178,-0.130754495361,-0.490279793438
0,0.827377243866,0.73769513178,-1.05420670425,-0.457142125266
1,0.827377243866,0.73769513178,-0.823343652025,-0.486337421687
0,-1.56610692589,0.73769513178,2.53903584495e-12,-0.124919786688
0,0.827377243866,0.73769513178,0.25401725834,-0.474004925785
1,0.827377243866,0.73769513178,0.0231542061192,-0.457142125266
0,0.827377243866,0.73769513178,-0.592480599804,-0.489442190451
1,-0.369364841012,0.73769513178,0.946606415003,-0.386670720113
1,0.827377243866,-1.35557353834,-0.592480599804,-0.492377827843
1,-1.56610692589,-1.35557353834,-0.284663196842,0.939198431123
1,-1.56610692589,-1.35557353834,-0.823343652025,1.18542954767
0,-0.369364841012,0.73769513178,0.484880310561,-0.389187556012
0,0.827377243866,-1.35557353834,-0.438571898323,-0.470229671938
0,0.827377243866,0.73769513178,-0.438571898323,-0.489442190451
0,-1.56610692589,0.73769513178,2.53903584495e-12,-0.0902720169771
0,0.827377243866,0.73769513178,-0.477049073693,-0.50286397293
0,-1.56610692589,-1.35557353834,-2.13156761461,2.40299018959
1,-1.56610692589,0.73769513178,2.53903584495e-12,-0.0343136943481
1,-1.56610692589,-1.35557353834,1.56224122093,4.33533222663
1,0.827377243866,-1.35557353834,2.53903584495e-12,-0.492377827843
1,0.827377243866,0.73769513178,2.53903584495e-12,-0.180290176451
0,0.827377243866,0.73769513178,-0.823343652025,-0.648421653539
1,-0.369364841012,-1.35557353834,2.53903584495e-12,-0.399758266785
0,0.827377243866,0.73769513178,2.53903584495e-12,-0.486337421687
1,-1.56610692589,0.73769513178,-2.21467831341,2.40299018959
1,-1.56610692589,-1.35557353834,2.53903584495e-12,1.58417890618
1,-1.56610692589,-1.35557353834,-0.977252353505,1.54424578108
0,-0.369364841012,0.73769513178,0.0231542061192,-0.165189161061
1,-1.56610692589,-1.35557353834,0.0231542061192,0.497829980244
1,-1.56610692589,-1.35557353834,-0.438571898323,1.02594470393
1,-1.56610692589,-1.35557353834,-0.900298002765,4.63441689704
0,-0.369364841012,-1.35557353834,-0.284663196842,-0.124919786688
0,0.827377243866,0.73769513178,-0.130754495361,-0.489442190451
0,-0.369364841012,0.73769513178,1.02356076574,-0.119886114891
1,0.827377243866,-1.35557353834,-0.284663196842,-0.490279793438
1,-0.369364841012,-1.35557353834,-0.438571898323,-0.124919786688
0,-0.369364841012,0.73769513178,1.87005862389,-0.366536032927
1,-1.56610692589,-1.35557353834,0.10010855686,2.67111777845
1,-1.56610692589,-1.35557353834,0.792697713523,2.05969377306
0,0.827377243866,0.73769513178,-0.592480599804,-0.502445171436
0,0.827377243866,0.73769513178,-0.207708846102,-0.489442190451
1,-0.369364841012,-1.35557353834,0.0231542061192,-0.399758266785
1,-0.369364841012,-1.35557353834,-0.592480599804,-0.064515725128
0,0.827377243866,0.73769513178,2.53903584495e-12,0.751945840288
1,-1.56610692589,-1.35557353834,0.484880310561,2.08251241405
0,0.827377243866,0.73769513178,2.40873907907,-0.522831542213
1,-0.369364841012,-1.35557353834,0.484880310561,-0.386670720113
1,0.827377243866,-1.35557353834,0.10010855686,-0.235157199034
1,-1.56610692589,-1.35557353834,-1.05420670425,0.518971401789
1,0.827377243866,-1.35557353834,2.53903584495e-12,-0.180290176451
0,-1.56610692589,0.73769513178,1.21594664259,-0.0745830687213
0,-1.56610692589,0.73769513178,0.638789012042,2.44149777883
0,0.827377243866,0.73769513178,-1.05420670425,-0.28599728418
1,-1.56610692589,-1.35557353834,2.53903584495e-12,2.04257928895
0,0.827377243866,0.73769513178,2.53903584495e-12,-0.489442190451
0,-1.56610692589,0.73769513178,-0.0538001446212,0.692548513088
1,-1.56610692589,-1.35557353834,0.869652064263,2.05969377306
1,0.827377243866,0.73769513178,1.17746946722,-0.486337421687
0,-1.56610692589,0.73769513178,1.17746946722,0.0663597415848
1,-0.369364841012,0.73769513178,-2.13156761461,-0.124919786688
1,-1.56610692589,-1.35557353834,-0.438571898323,4.64700107653
0,-0.369364841012,0.73769513178,-0.130754495361,-0.386670720113
0,-0.369364841012,0.73769513178,-0.361617547583,-0.386670720113
0,-0.369364841012,0.73769513178,0.484880310561,-0.386670720113
1,-0.369364841012,-1.35557353834,-0.438571898323,-0.386670720113
1,-0.369364841012,-1.35557353834,0.792697713523,-0.386670720113
1,0.827377243866,-1.35557353834,2.53903584495e-12,-0.324253189835
1,0.827377243866,0.73769513178,-2.05461326387,-0.328280127272
0,0.827377243866,0.73769513178,0.946606415003,-0.474004925785
0,0.827377243866,0.73769513178,-0.515526249063,-0.462679164243
0,-1.56610692589,0.73769513178,2.53903584495e-12,0.0562923979915
0,0.827377243866,0.73769513178,-1.13116105499,-0.50286397293
0,0.827377243866,0.73769513178,-0.361617547583,-0.290024221618
0,0.827377243866,0.73769513178,2.53903584495e-12,-0.502948538616
0,0.827377243866,0.73769513178,-0.130754495361,-0.457142125266
1,-1.56610692589,-1.35557353834,-0.592480599804,0.458986141723
0,-0.369364841012,-1.35557353834,0.638789012042,-0.386670720113
1,0.827377243866,-1.35557353834,2.53903584495e-12,-0.489776426258
1,0.827377243866,-1.35557353834,2.53903584495e-12,-0.489776426258
0,0.827377243866,0.73769513178,0.792697713523,-0.0866638810332
0,-0.369364841012,0.73769513178,-0.0538001446212,-0.0902720169771
0,0.827377243866,-1.35557353834,1.17746946722,-0.357390858007
0,0.827377243866,0.73769513178,0.407925959821,-0.506472108874
0,0.827377243866,0.73769513178,2.53903584495e-12,-0.336334002147
0,0.827377243866,0.73769513178,0.0231542061192,-0.502445171436
1,-1.56610692589,-1.35557353834,2.33178472833,0.866713557251
1,0.827377243866,-1.35557353834,2.53903584495e-12,-0.50286397293
1,0.827377243866,-1.35557353834,2.53903584495e-12,-0.492377827843
1,-1.56610692589,-1.35557353834,-0.438571898323,0.746912168491
1,-1.56610692589,0.73769513178,-0.361617547583,0.467879633053
0,0.827377243866,0.73769513178,-0.900298002765,-0.517630752512
0,0.827377243866,0.73769513178,-0.823343652025,-0.486337421687
0,-1.56610692589,0.73769513178,-0.592480599804,2.08251241405
0,0.827377243866,-1.35557353834,-2.05461326387,-0.224083121082
1,-1.56610692589,-1.35557353834,2.53903584495e-12,1.00606170033
1,0.827377243866,-1.35557353834,-0.592480599804,-0.502445171436
0,-1.56610692589,0.73769513178,-0.207708846102,3.61006468642
0,0.827377243866,0.73769513178,-0.746389301284,-0.567631221203
0,0.827377243866,0.73769513178,-0.823343652025,-0.491874460663
1,-1.56610692589,-1.35557353834,0.946606415003,3.93272304859
1,0.827377243866,-1.35557353834,-2.20852196535,-0.331467448254
0,0.827377243866,0.73769513178,0.1770629076,-0.488854257585
1,-1.56610692589,-1.35557353834,0.407925959821,0.398582080163
0,0.827377243866,0.73769513178,2.53903584495e-12,-0.489442190451
0,-0.369364841012,0.73769513178,-0.900298002765,0.831477854675
0,0.827377243866,0.73769513178,-2.20852196535,0.295895175512
1,-0.369364841012,-1.35557353834,0.484880310561,-0.386670720113
0,0.827377243866,0.73769513178,2.53903584495e-12,-0.492796629336
1,-0.369364841012,-1.35557353834,-0.977252353505,-0.4068054073
1,-1.56610692589,0.73769513178,0.484880310561,1.76774080885
1,0.827377243866,0.73769513178,-0.669434950544,-0.49145565917
0,0.827377243866,0.73769513178,-0.130754495361,-0.488854257585
1,-1.56610692589,-1.35557353834,-0.515526249063,1.63233503752
1,0.827377243866,-1.35557353834,-0.438571898323,-0.312172377523
0,0.827377243866,0.73769513178,-0.592480599804,-0.49145565917
0,0.827377243866,-1.35557353834,0.10010855686,-0.490279793438
0,-0.369364841012,0.73769513178,1.25442381796,-0.124919786688
0,-0.369364841012,0.73769513178,-0.515526249063,-0.43700743808
1,-0.369364841012,-1.35557353834,-0.130754495361,-0.393717860629
1,0.827377243866,0.73769513178,0.715743362782,-0.488854257585
0,0.827377243866,0.73769513178,-0.284663196842,-0.486337421687
0,0.827377243866,-1.35557353834,-0.669434950544,-0.450598351931
0,0.827377243866,0.73769513178,-0.130754495361,-0.329286861632
0,0.827377243866,-1.35557353834,-0.746389301284,-0.474004925785
0,-0.369364841012,0.73769513178,0.330971609081,-0.225593222621
0,0.827377243866,0.73769513178,1.63919557167,-0.492377827843
1,-0.369364841012,0.73769513178,-2.05461326387,-0.27089626879
0,0.827377243866,0.73769513178,-0.669434950544,-0.491874460663
0,0.827377243866,-1.35557353834,2.53903584495e-12,-0.135657615364
0,0.827377243866,0.73769513178,2.53903584495e-12,-0.489442190451
0,0.827377243866,0.73769513178,2.53903584495e-12,-0.510331928407
1,-1.56610692589,-1.35557353834,0.25401725834,1.16370019325
0,-0.369364841012,0.73769513178,2.53903584495e-12,-0.648421653539
1,0.827377243866,0.73769513178,1.10051511648,-0.488854257585
0,0.827377243866,-1.35557353834,2.53903584495e-12,-0.486337421687
1,-0.369364841012,-1.35557353834,0.330971609081,0.00595568002503
1,-0.369364841012,-1.35557353834,-0.900298002765,-0.386670720113
0,-0.369364841012,0.73769513178,0.0231542061192,-0.386670720113
0,0.827377243866,-1.35557353834,-1.51593280869,-0.162168957983
0,0.827377243866,0.73769513178,2.53903584495e-12,-0.489442190451
0,0.827377243866,0.73769513178,-0.669434950544,-0.492714077119
0,0.827377243866,0.73769513178,-0.0538001446212,-0.489860991945
0,0.827377243866,-1.35557353834,-0.130754495361,-0.358482158052
0,0.827377243866,0.73769513178,-0.900298002765,-0.24144928878
0,0.827377243866,0.73769513178,2.53903584495e-12,-0.502445171436
1,-0.369364841012,-1.35557353834,-0.130754495361,-0.124919786688
1,-0.369364841012,-1.35557353834,-0.823343652025,-0.124919786688
0,0.827377243866,0.73769513178,2.53903584495e-12,-0.492377827843
1,0.827377243866,0.73769513178,0.1770629076,-0.486337421687
1,-1.56610692589,0.73769513178,-0.130754495361,-0.113845708735
1,0.827377243866,-1.35557353834,2.53903584495e-12,-0.324253189835
1,-0.369364841012,-1.35557353834,0.946606415003,-0.124919786688
0,0.827377243866,0.73769513178,-0.977252353505,-0.504962007335
0,-1.56610692589,0.73769513178,1.56224122093,0.477107360191
1,-1.56610692589,-1.35557353834,-1.20811540573,1.76774080885
0,0.827377243866,-1.35557353834,-0.669434950544,0.0437082184999
1,-0.369364841012,-1.35557353834,-0.438571898323,-0.27089626879
0,-1.56610692589,0.73769513178,2.63960213129,4.64700107653
0,-0.369364841012,0.73769513178,0.10010855686,-0.43700743808
1,-0.369364841012,-1.35557353834,1.17746946722,-0.119886114891
0,0.827377243866,0.73769513178,-0.746389301284,-0.457142125266
0,0.827377243866,0.73769513178,-0.361617547583,-0.491874460663
1,-0.369364841012,-1.35557353834,-0.130754495361,-0.386670720113
1,0.827377243866,0.73769513178,2.53903584495e-12,-0.485079003738
1,-1.56610692589,0.73769513178,-1.97765891313,0.999769610587
1,-0.369364841012,-1.35557353834,-1.28506975647,-0.255795253401
1,-1.56610692589,0.73769513178,0.330971609081,-0.113845708735
1,0.827377243866,-1.35557353834,-1.90070456239,-0.260661807294
1,-1.56610692589,0.73769513178,1.71614992241,-0.0343136943481
0,-0.369364841012,0.73769513178,0.484880310561,-0.0896840841112
0,0.827377243866,0.73769513178,2.53903584495e-12,-0.246398394891
0,-1.56610692589,0.73769513178,0.0231542061192,-0.0896840841112
1,-1.56610692589,0.73769513178,1.48528687019,1.14566354047
0,0.827377243866,0.73769513178,2.53903584495e-12,-0.486337421687
1,0.827377243866,0.73769513178,-0.0538001446212,-0.489442190451
0,-1.56610692589,0.73769513178,2.71655648203,-0.113845708735
1,-1.56610692589,-1.35557353834,2.53903584495e-12,0.395813560675
1,-0.369364841012,-1.35557353834,1.56224122093,-0.43700743808
0,0.827377243866,0.73769513178,2.53903584495e-12,-0.492377827843
1,-1.56610692589,0.73769513178,1.40833251945,-0.113845708735
0,0.827377243866,0.73769513178,0.330971609081,-0.486337421687
0,-1.56610692589,0.73769513178,1.3313781687,0.126763803145
0,-0.369364841012,0.73769513178,1.40833251945,-0.386670720113
0,0.827377243866,0.73769513178,2.53903584495e-12,-0.486337421687
0,0.827377243866,0.73769513178,0.638789012042,-0.506472108874
0,-0.369364841012,0.73769513178,2.53903584495e-12,-0.648421653539
0,-1.56610692589,0.73769513178,2.02396732537,-0.113845708735
0,0.827377243866,0.73769513178,2.53903584495e-12,-0.492881195023
1,0.827377243866,-1.35557353834,-2.22776055304,-0.260661807294
0,0.827377243866,0.73769513178,2.53903584495e-12,-0.502445171436
0,0.827377243866,0.73769513178,0.638789012042,-0.474004925785
1,-0.369364841012,-1.35557353834,0.25401725834,-0.0896840841112
1,-0.369364841012,-1.35557353834,-0.515526249063,-0.370730088268
0,0.827377243866,-1.35557353834,-0.592480599804,-0.450346668341
0,-1.56610692589,0.73769513178,2.53903584495e-12,0.398582080163
0,-0.369364841012,0.73769513178,0.330971609081,-0.225593222621
0,0.827377243866,0.73769513178,-0.0538001446212,-0.50655667456
0,0.827377243866,0.73769513178,-0.592480599804,-0.496992698146
1,0.827377243866,-1.35557353834,-2.13156761461,-0.401016684734
0,0.827377243866,0.73769513178,-1.59288715943,0.295895175512
0,-0.369364841012,0.73769513178,2.53903584495e-12,-0.648421653539
0,0.827377243866,0.73769513178,1.56224122093,-0.486337421687
1,0.827377243866,-1.35557353834,2.56264778055,-0.455380340138
1,-1.56610692589,0.73769513178,-0.361617547583,1.18542954767
0,0.827377243866,-1.35557353834,2.53903584495e-12,-0.135657615364
1,-1.56610692589,-1.35557353834,0.407925959821,1.16370019325
0,-1.56610692589,0.73769513178,2.17787602685,-0.0504214440974
0,0.827377243866,0.73769513178,0.0231542061192,-0.486337421687
1,0.827377243866,0.73769513178,-1.59288715943,-0.328280127272
0,0.827377243866,0.73769513178,2.53903584495e-12,-0.246398394891
0,0.827377243866,0.73769513178,-0.669434950544,-0.502445171436
0,-1.56610692589,0.73769513178,1.94701297463,-0.0343136943481
0,-1.56610692589,0.73769513178,3.17828258647,0.348329927883
0,0.827377243866,0.73769513178,-0.669434950544,-0.486337421687
0,0.827377243866,0.73769513178,2.53903584495e-12,-0.357308305789
1,-1.56610692589,-1.35557353834,1.87005862389,0.927453868087
0,0.827377243866,0.73769513178,2.53903584495e-12,-0.344387877022
0,-1.56610692589,-1.35557353834,-0.361617547583,2.40299018959
0,0.827377243866,0.73769513178,-0.438571898323,-0.49145565917
0,0.827377243866,0.73769513178,-0.977252353505,-0.474004925785
0,0.827377243866,-1.35557353834,-0.669434950544,-0.492377827843
0,0.827377243866,-1.35557353834,2.53903584495e-12,-0.494810098055
0,0.827377243866,-1.35557353834,0.561834661302,-0.455380340138
1,-1.56610692589,-1.35557353834,-1.05420670425,1.0932287881
0,-1.56610692589,0.73769513178,-0.900298002765,1.54424578108
1,-0.369364841012,-1.35557353834,0.25401725834,-0.124919786688
1,-1.56610692589,0.73769513178,2.53903584495e-12,-0.113845708735
0,0.827377243866,0.73769513178,-0.130754495361,-0.194887824661
1,0.827377243866,0.73769513178,-0.284663196842,0.489103606817
1,0.827377243866,0.73769513178,-0.0538001446212,-0.492377827843
0,0.827377243866,0.73769513178,2.53903584495e-12,-0.486337421687
1,-1.56610692589,0.73769513178,0.484880310561,-0.119131064122
1,-1.56610692589,-1.35557353834,1.87005862389,0.547578765344
0,0.827377243866,0.73769513178,-0.438571898323,-0.497496065326
0,-1.56610692589,0.73769513178,1.3313781687,0.0365765122984
1,-0.369364841012,-1.35557353834,0.330971609081,-0.43700743808
0,0.827377243866,0.73769513178,2.53903584495e-12,-0.162168957983
1,-0.369364841012,-1.35557353834,0.484880310561,-0.124919786688
0,0.827377243866,0.73769513178,0.1770629076,-0.489442190451
1,-1.56610692589,-1.35557353834,0.0231542061192,1.23417159841
0,0.827377243866,0.73769513178,-0.592480599804,-0.489442190451
0,0.827377243866,0.73769513178,2.53903584495e-12,-0.502948538616
1,-1.56610692589,-1.35557353834,1.10051511648,0.518971401789
0,0.827377243866,0.73769513178,2.53903584495e-12,-0.50286397293
0,0.827377243866,0.73769513178,0.831174888893,-0.492377827843
1,-0.369364841012,-1.35557353834,1.56224122093,-0.43700743808
0,-1.56610692589,0.73769513178,2.53903584495e-12,3.81703316295
0,0.827377243866,0.73769513178,0.715743362782,-0.488854257585
0,-0.369364841012,0.73769513178,-0.515526249063,-0.416872750893
1,-0.369364841012,-1.35557353834,-2.13156761461,-0.124919786688
0,0.827377243866,0.73769513178,2.53903584495e-12,-0.50286397293
0,0.827377243866,0.73769513178,-0.977252353505,-0.50286397293
1,0.827377243866,-1.35557353834,2.53903584495e-12,-0.198244277015
0,0.827377243866,-1.35557353834,0.0231542061192,-0.474004925785
1,-0.369364841012,-1.35557353834,-1.74679586091,-0.119886114891
0,-1.56610692589,0.73769513178,1.17746946722,-0.113845708735
1,-1.56610692589,-1.35557353834,0.0231542061192,1.49441243029
0,0.827377243866,0.73769513178,2.53903584495e-12,-0.356468689333
1,-1.56610692589,-1.35557353834,-0.592480599804,0.348245362197
1,-1.56610692589,-1.35557353834,0.484880310561,0.781141136708
0,0.827377243866,-1.35557353834,-1.59288715943,-0.0187093117785
0,0.827377243866,-1.35557353834,-1.43897845795,-0.0187093117785
1,-0.369364841012,0.73769513178,0.1770629076,-0.124919786688
0,-1.56610692589,0.73769513178,1.56224122093,1.49441243029
0,-1.56610692589,0.73769513178,2.63960213129,-0.124919786688
1,-0.369364841012,-1.35557353834,-0.823343652025,-0.124919786688
1,-0.369364841012,0.73769513178,2.53903584495e-12,-0.369304552415
0,0.827377243866,0.73769513178,0.25401725834,-0.235157199034
1,-0.369364841012,0.73769513178,-1.66984151017,0.091528100568
1,-1.56610692589,0.73769513178,-0.977252353505,1.58417890618
0,-0.369364841012,0.73769513178,-0.207708846102,-0.124919786688
0,0.827377243866,0.73769513178,2.53903584495e-12,-0.490783160618
1,0.827377243866,0.73769513178,-0.592480599804,-0.502948538616
1,0.827377243866,-1.35557353834,-0.592480599804,-0.491874460663
0,-1.56610692589,0.73769513178,2.48569342981,-0.113845708735
1,-1.56610692589,-1.35557353834,1.40833251945,0.14891195905
0,-1.56610692589,0.73769513178,2.53903584495e-12,3.93272304859
1,-1.56610692589,-1.35557353834,0.715743362782,0.955306180872
1,0.827377243866,-1.35557353834,0.484880310561,-0.298078096492
0,0.827377243866,0.73769513178,2.53903584495e-12,-0.492377827843
0,0.827377243866,0.73769513178,0.792697713523,-0.489442190451
0,-0.369364841012,0.73769513178,-0.130754495361,-0.37660337652
0,0.827377243866,0.73769513178,2.53903584495e-12,-0.486337421687
0,0.827377243866,-1.35557353834,2.53903584495e-12,-0.486337421687
0,0.827377243866,0.73769513178,-0.438571898323,-0.162168957983
0,0.827377243866,0.73769513178,-0.823343652025,-0.489442190451
0,0.827377243866,-1.35557353834,-0.0538001446212,-0.224083121082
0,0.827377243866,0.73769513178,2.53903584495e-12,-0.50286397293
1,0.827377243866,0.73769513178,0.1770629076,-0.490279793438
1,-0.369364841012,0.73769513178,2.48569342981,-0.43700743808
1,-1.56610692589,-1.35557353834,1.79310427315,0.388095935077
1,-1.56610692589,0.73769513178,0.484880310561,-0.117117595403
1,0.827377243866,-1.35557353834,2.53903584495e-12,-0.492377827843
0,0.827377243866,0.73769513178,-1.05420670425,-0.486337421687
0,0.827377243866,0.73769513178,-0.823343652025,-0.356468689333
1,-0.369364841012,-1.35557353834,0.330971609081,-0.386670720113
1,-1.56610692589,-1.35557353834,0.715743362782,0.477107360191
0,0.827377243866,-1.35557353834,2.53903584495e-12,-0.357308305789
1,0.827377243866,0.73769513178,0.1770629076,-0.488854257585
1,-0.369364841012,-1.35557353834,-0.361617547583,-0.0443810379414
1,-1.56610692589,-1.35557353834,0.715743362782,1.58417890618
0,-0.369364841012,0.73769513178,1.87005862389,-0.124919786688
0,-1.56610692589,0.73769513178,0.484880310561,0.159482669823
0,0.827377243866,0.73769513178,2.53903584495e-12,-0.472998191426
1,-1.56610692589,-1.35557353834,-0.900298002765,0.955306180872
0,-0.369364841012,0.73769513178,1.3313781687,-0.34640134574
1,-1.56610692589,0.73769513178,2.33178472833,0.946245571638
0,0.827377243866,0.73769513178,-0.592480599804,-0.486337421687
0,0.827377243866,0.73769513178,2.53903584495e-12,-0.486337421687
0,0.827377243866,0.73769513178,0.407925959821,-0.504962007335
1,-1.56610692589,-1.35557353834,1.71614992241,0.927453868087
0,0.827377243866,0.73769513178,1.3313781687,-0.502445171436
0,0.827377243866,-1.35557353834,2.53903584495e-12,-0.492377827843
0,-0.369364841012,0.73769513178,0.561834661302,-0.124919786688
0,0.827377243866,0.73769513178,0.484880310561,-0.162168957983
1,-0.369364841012,-1.35557353834,2.53903584495e-12,0.0160230236183
0,0.827377243866,0.73769513178,1.48528687019,-0.648421653539
0,0.827377243866,0.73769513178,2.53903584495e-12,-0.502948538616
1,-1.56610692589,0.73769513178,1.48528687019,0.497829980244
1,-0.369364841012,-1.35557353834,-0.438571898323,-0.104785099501
0,0.827377243866,0.73769513178,2.53903584495e-12,-0.489442190451
0,-1.56610692589,0.73769513178,2.53903584495e-12,0.205289083172
0,0.827377243866,0.73769513178,1.10051511648,-0.486337421687
1,-1.56610692589,0.73769513178,0.407925959821,-0.113845708735
0,0.827377243866,0.73769513178,0.484880310561,-0.335327267788
0,0.827377243866,0.73769513178,0.0231542061192,-0.489442190451
1,-1.56610692589,0.73769513178,-0.207708846102,-0.0343136943481
1,-0.369364841012,-1.35557353834,-0.592480599804,0.188762531929
1,-1.56610692589,-1.35557353834,0.792697713523,2.44149777883
0,0.827377243866,-1.35557353834,0.715743362782,-0.0187093117785
0,0.827377243866,0.73769513178,2.53903584495e-12,-0.506472108874
1,0.827377243866,-1.35557353834,2.53903584495e-12,-0.336334002147
0,0.827377243866,0.73769513178,2.53903584495e-12,-0.492377827843
0,0.827377243866,0.73769513178,0.407925959821,-0.486337421687
1,-0.369364841012,-1.35557353834,-0.438571898323,0.660333013589
0,0.827377243866,0.73769513178,0.330971609081,-0.358482158052
0,0.827377243866,-1.35557353834,-0.284663196842,-0.324253189835
1,-0.369364841012,-1.35557353834,-1.97765891313,0.136831146738
0,-0.369364841012,0.73769513178,-0.284663196842,-0.43700743808
0,0.827377243866,0.73769513178,-0.207708846102,-0.357390858007
1,-1.56610692589,0.73769513178,0.946606415003,0.409740723802
1,0.827377243866,0.73769513178,-0.746389301284,-0.331467448254
0,0.827377243866,0.73769513178,-0.669434950544,-0.490279793438
0,0.827377243866,0.73769513178,-0.669434950544,-0.324253189835
0,-1.56610692589,0.73769513178,2.40873907907,0.0023475440812
0,-0.369364841012,0.73769513178,2.10092167611,-0.399758266785
1,-1.56610692589,-1.35557353834,-0.669434950544,0.921244330559
0,0.827377243866,0.73769513178,-0.284663196842,-0.489442190451
0,0.827377243866,0.73769513178,2.53903584495e-12,-0.492714077119
1,-1.56610692589,0.73769513178,3.87087174314,-0.0443810379414
0,0.827377243866,0.73769513178,1.63919557167,-0.506387543187
1,-1.56610692589,0.73769513178,0.1770629076,-0.0343136943481
0,-1.56610692589,0.73769513178,2.53903584495e-12,-0.648421653539
0,0.827377243866,-1.35557353834,-1.59288715943,-0.0866638810332
1,-0.369364841012,-1.35557353834,-0.130754495361,-0.386670720113
0,0.827377243866,0.73769513178,0.1770629076,-0.488854257585
0,-0.369364841012,0.73769513178,0.10010855686,-0.119886114891
0,0.827377243866,-1.35557353834,0.869652064263,0.150673744179
0,0.827377243866,0.73769513178,2.53903584495e-12,-0.324253189835
0,0.827377243866,0.73769513178,-0.746389301284,-0.490279793438
1,-1.56610692589,-1.35557353834,-0.438571898323,0.746912168491
0,0.827377243866,-1.35557353834,-2.13156761461,-0.0866638810332
1,0.827377243866,0.73769513178,2.53903584495e-12,0.489103606817
1,0.827377243866,-1.35557353834,-2.22776055304,-0.260661807294
1,-1.56610692589,0.73769513178,1.40833251945,0.896496786538
0,0.827377243866,0.73769513178,-0.823343652025,-0.489442190451
1,-1.56610692589,0.73769513178,2.02396732537,0.0663597415848
0,0.827377243866,0.73769513178,2.53903584495e-12,-0.49640476528
1,0.827377243866,-1.35557353834,-0.515526249063,-0.49640476528
0,0.827377243866,0.73769513178,2.53903584495e-12,-0.489442190451
1,-0.369364841012,-1.35557353834,-0.900298002765,-0.185323848248
0,0.827377243866,0.73769513178,-0.669434950544,-0.478619796088
1,0.827377243866,-1.35557353834,2.53903584495e-12,-0.490783160618
0,0.827377243866,-1.35557353834,-0.900298002765,-0.512512515029
0,-0.369364841012,0.73769513178,-0.438571898323,0.831477854675
0,0.827377243866,0.73769513178,2.53903584495e-12,-0.489442190451
0,0.827377243866,-1.35557353834,0.1770629076,-0.336334002147
0,-0.369364841012,0.73769513178,-0.515526249063,-0.386670720113
0,-1.56610692589,0.73769513178,2.17787602685,1.63233503752
1,-1.56610692589,0.73769513178,1.56224122093,2.04257928895
0,0.827377243866,0.73769513178,0.792697713523,-0.502948538616
0,-1.56610692589,0.73769513178,1.3313781687,-0.133225345152
0,0.827377243866,0.73769513178,0.484880310561,-0.497496065326
1,0.827377243866,0.73769513178,-0.746389301284,-0.488854257585
0,-0.369364841012,0.73769513178,0.1770629076,0.831477854675
0,-0.369364841012,0.73769513178,-0.361617547583,-0.386670720113
0,0.827377243866,0.73769513178,2.53903584495e-12,-0.491874460663
0,0.827377243866,0.73769513178,1.02356076574,-0.486337421687
1,-1.56610692589,-1.35557353834,2.53903584495e-12,0.398582080163
1,-0.369364841012,-1.35557353834,0.792697713523,0.136831146738
0,-1.56610692589,0.73769513178,0.10010855686,0.398582080163
0,-0.369364841012,0.73769513178,3.10132823573,-0.43700743808
1,-0.369364841012,0.73769513178,0.10010855686,-0.386670720113
0,-0.369364841012,0.73769513178,2.53903584495e-12,-0.648421653539
0,0.827377243866,0.73769513178,-0.900298002765,-0.491874460663
0,0.827377243866,0.73769513178,-0.400094722953,-0.486337421687
1,0.827377243866,-1.35557353834,-0.900298002765,-0.450262102655
0,0.827377243866,-1.35557353834,1.02356076574,0.295895175512
1,-1.56610692589,0.73769513178,0.484880310561,9.66716652501
0,0.827377243866,-1.35557353834,2.53903584495e-12,-0.484575636558
1,-1.56610692589,0.73769513178,-0.207708846102,0.896496786538
0,0.827377243866,0.73769513178,-0.746389301284,-0.462679164243
0,0.827377243866,0.73769513178,-1.20811540573,0.295895175512
0,-0.369364841012,0.73769513178,2.33178472833,0.136831146738
0,-0.369364841012,0.73769513178,-0.361617547583,0.188762531929
0,0.827377243866,0.73769513178,-1.20811540573,0.150673744179
0,0.827377243866,0.73769513178,-0.823343652025,-0.443635777102
0,0.827377243866,0.73769513178,-0.900298002765,-0.49145565917
1,-1.56610692589,-1.35557353834,-1.13116105499,3.60679279976
1,-1.56610692589,0.73769513178,0.10010855686,0.499255516096
1,0.827377243866,-1.35557353834,-1.97765891313,-0.378280595963
1,0.827377243866,0.73769513178,2.53903584495e-12,0.489103606817
0,0.827377243866,0.73769513178,-0.361617547583,-0.502948538616
0,-1.56610692589,0.73769513178,2.33178472833,-0.113845708735
0,-0.369364841012,0.73769513178,1.71614992241,-0.37660337652
0,0.827377243866,0.73769513178,1.10051511648,-0.486337421687
1,0.827377243866,-1.35557353834,2.53903584495e-12,-0.492714077119
0,-1.56610692589,0.73769513178,1.48528687019,1.58417890618
0,0.827377243866,0.73769513178,0.946606415003,-0.494391296562
1,-1.56610692589,-1.35557353834,-0.900298002765,3.93272304859
1,-1.56610692589,0.73769513178,0.407925959821,-0.119131064122
0,0.827377243866,-1.35557353834,-0.900298002765,-0.357390858007
0,0.827377243866,0.73769513178,-0.361617547583,-0.492544945747
0,0.827377243866,0.73769513178,-0.284663196842,-0.490279793438
0,-0.369364841012,0.73769513178,0.715743362782,-0.124919786688
1,-0.369364841012,-1.35557353834,1.17746946722,-0.37660337652
1,-1.56610692589,0.73769513178,0.946606415003,-0.119131064122
1,-1.56610692589,-1.35557353834,-0.592480599804,2.40299018959
1,0.827377243866,0.73769513178,2.53903584495e-12,-0.34145223963
1,-1.56610692589,-1.35557353834,-0.438571898323,0.348329927883
0,-1.56610692589,0.73769513178,2.53903584495e-12,-0.113845708735
1,-1.56610692589,0.73769513178,1.40833251945,0.398582080163
0,0.827377243866,0.73769513178,-0.0538001446212,-0.457478374542
0,-0.369364841012,0.73769513178,1.71614992241,-0.386670720113
0,0.827377243866,0.73769513178,-0.823343652025,-0.494391296562
1,-1.56610692589,-1.35557353834,0.638789012042,3.93272304859
1,-0.369364841012,-1.35557353834,-0.207708846102,-0.43700743808
0,0.827377243866,0.73769513178,2.53903584495e-12,-0.336334002147
0,0.827377243866,0.73769513178,0.25401725834,-0.491874460663
1,-0.369364841012,-1.35557353834,-1.82375021165,0.0160230236183
0,0.827377243866,0.73769513178,-0.977252353505,-0.506387543187
0,-0.369364841012,0.73769513178,0.330971609081,-0.386670720113
0,-0.369364841012,0.73769513178,1.56224122093,-0.386670720113
1,-1.56610692589,0.73769513178,-0.207708846102,0.420730236069
0,0.827377243866,0.73769513178,-0.746389301284,-0.474004925785
1,-0.369364841012,-1.35557353834,0.0231542061192,-0.225593222621
1,0.827377243866,-1.35557353834,2.53903584495e-12,-0.492629511433
0,-0.369364841012,0.73769513178,-0.361617547583,-0.124919786688
0,0.827377243866,-1.35557353834,-0.361617547583,-0.488854257585
1,-1.56610692589,-1.35557353834,-0.0538001446212,3.60679279976
0,0.827377243866,0.73769513178,-1.43897845795,-0.270141218021
0,-0.369364841012,0.73769513178,2.53903584495e-12,-0.648421653539
0,-0.369364841012,0.73769513178,-0.515526249063,-0.386670720113
0,-0.369364841012,0.73769513178,-0.515526249063,-0.386670720113
0,0.827377243866,0.73769513178,-0.0922773199913,-0.324253189835
0,0.827377243866,-1.35557353834,1.40833251945,0.0437082184999
1,-1.56610692589,0.73769513178,0.407925959821,9.66716652501
0,0.827377243866,0.73769513178,2.53903584495e-12,-0.489442190451
0,0.827377243866,0.73769513178,2.53903584495e-12,-0.489442190451
1,-1.56610692589,0.73769513178,2.53903584495e-12,-0.0443810379414
0,-1.56610692589,0.73769513178,0.484880310561,0.939198431123
1,-1.56610692589,-1.35557353834,-0.669434950544,4.63441689704
0,0.827377243866,0.73769513178,-0.438571898323,-0.324253189835
1,0.827377243866,0.73769513178,0.10010855686,-0.488854257585
0,-1.56610692589,0.73769513178,3.10132823573,0.781141136708
0,0.827377243866,0.73769513178,-1.05420670425,-0.240694238011
1,-0.369364841012,-1.35557353834,0.0231542061192,-0.386670720113
0,-1.56610692589,0.73769513178,-0.823343652025,0.420730236069
0,0.827377243866,0.73769513178,0.10010855686,-0.492377827843
1,-0.369364841012,-1.35557353834,-1.97765891313,-0.185323848248
1,0.827377243866,0.73769513178,-1.82375021165,-0.397241430886
0,0.827377243866,0.73769513178,0.25401725834,-0.457142125266
0,0.827377243866,0.73769513178,-0.515526249063,-0.489442190451
1,-0.369364841012,-1.35557353834,1.40833251945,0.660333013589
1,-0.369364841012,0.73769513178,-2.23391690109,-0.356468689333
0,0.827377243866,0.73769513178,-0.130754495361,-0.49145565917
0,-0.369364841012,0.73769513178,-0.900298002765,-0.416872750893
0,0.827377243866,0.73769513178,0.330971609081,-0.486337421687
1,-1.56610692589,-1.35557353834,0.25401725834,1.0932287881
0,0.827377243866,0.73769513178,2.53903584495e-12,-0.356468689333
0,0.827377243866,0.73769513178,0.869652064263,-0.504962007335
1,0.827377243866,0.73769513178,-0.746389301284,-0.50286397293
1,-1.56610692589,-1.35557353834,0.484880310561,1.76774080885
0,0.827377243866,0.73769513178,-1.05420670425,-0.491874460663
1,-1.56610692589,-1.35557353834,1.63919557167,0.921244330559
0,-1.56610692589,0.73769513178,2.53903584495e-12,0.14891195905
0,0.827377243866,-1.35557353834,0.0616313814894,-0.492377827843
0,0.827377243866,0.73769513178,2.53903584495e-12,-0.162168957983
0,0.827377243866,0.73769513178,0.1770629076,-0.480045331941
0,0.827377243866,0.73769513178,-0.438571898323,-0.457142125266
0,0.827377243866,0.73769513178,1.40833251945,-0.490279793438
0,-0.369364841012,-1.35557353834,2.10092167611,-0.43700743808
0,0.827377243866,0.73769513178,2.53903584495e-12,-0.502948538616
1,-0.369364841012,-1.35557353834,1.87005862389,-0.185323848248
0,0.827377243866,0.73769513178,-0.900298002765,-0.492377827843
0,0.827377243866,0.73769513178,2.53903584495e-12,-0.492377827843
1,0.827377243866,-1.35557353834,-1.90070456239,-0.397241430886
0,0.827377243866,0.73769513178,2.53903584495e-12,-0.492629511433
1,-1.56610692589,-1.35557353834,1.02356076574,3.60679279976
1,0.827377243866,-1.35557353834,-1.28506975647,-0.50286397293
1,-1.56610692589,-1.35557353834,-0.977252353505,0.499255516096
0,-1.56610692589,0.73769513178,-0.0538001446212,-0.0443810379414
0,0.827377243866,0.73769513178,2.53903584495e-12,-0.176263239014
0,0.827377243866,0.73769513178,-0.361617547583,-0.506472108874
0,0.827377243866,0.73769513178,-0.361617547583,-0.502445171436
1,0.827377243866,-1.35557353834,-0.900298002765,-0.497496065326
0,0.827377243866,0.73769513178,-1.66984151017,-0.0619988892297
1,0.827377243866,0.73769513178,-2.20852196535,-0.234150464675
0,-1.56610692589,0.73769513178,1.25442381796,0.946245571638
0,0.827377243866,0.73769513178,2.53903584495e-12,-0.492377827843
0,-0.369364841012,0.73769513178,-1.05420670425,-0.124919786688
0,0.827377243866,-1.35557353834,2.53903584495e-12,0.751945840288
0,-1.56610692589,0.73769513178,2.53903584495e-12,-0.030371322597
0,0.827377243866,0.73769513178,-0.361617547583,-0.489442190451
0,-0.369364841012,0.73769513178,0.715743362782,-0.386670720113
1,-1.56610692589,-1.35557353834,1.48528687019,-0.126345322541
1,0.827377243866,-1.35557353834,0.10010855686,-0.473586124292
0,0.827377243866,0.73769513178,0.0231542061192,-0.50286397293
0,0.827377243866,-1.35557353834,0.0231542061192,-0.162168957983
0,-0.369364841012,0.73769513178,0.330971609081,-0.386670720113
1,-0.369364841012,-1.35557353834,0.10010855686,-0.119886114891
1,-1.56610692589,0.73769513178,-1.43897845795,1.76774080885
1,0.827377243866,0.73769513178,-2.25315548878,-0.476940563177
1,0.827377243866,0.73769513178,-0.207708846102,-0.507982210413
0,0.827377243866,0.73769513178,0.10010855686,-0.491874460663
0,-1.56610692589,0.73769513178,0.715743362782,-0.648421653539
0,0.827377243866,-1.35557353834,-0.900298002765,-0.491874460663
0,-0.369364841012,0.73769513178,0.715743362782,-0.386670720113
1,-1.56610692589,-1.35557353834,0.25401725834,0.420730236069
0,0.827377243866,0.73769513178,-0.284663196842,-0.489609308355
0,0.827377243866,0.73769513178,0.715743362782,-0.162168957983
0,-0.369364841012,0.73769513178,0.407925959821,-0.43700743808
0,0.827377243866,-1.35557353834,-1.82375021165,-0.0187093117785
0,0.827377243866,0.73769513178,0.0616313814894,-0.486337421687
0,-1.56610692589,0.73769513178,2.53903584495e-12,-0.648421653539
0,0.827377243866,-1.35557353834,-0.515526249063,-0.488854257585
0,-0.369364841012,0.73769513178,0.10010855686,0.0966463380508
0,0.827377243866,0.73769513178,1.02356076574,-0.518552921185
0,0.827377243866,0.73769513178,-1.51593280869,-0.0866638810332
1,-1.56610692589,-1.35557353834,1.71614992241,1.23417159841
1,0.827377243866,0.73769513178,-0.207708846102,-0.474004925785
0,-1.56610692589,0.73769513178,0.638789012042,-0.648421653539
1,0.827377243866,-1.35557353834,-0.207708846102,-0.397241430886
0,0.827377243866,0.73769513178,-2.13156761461,0.150673744179
0,0.827377243866,0.73769513178,2.53903584495e-12,-0.508485577592
0,0.827377243866,0.73769513178,2.53903584495e-12,0.489103606817
1,-0.369364841012,0.73769513178,-2.20852196535,0.0966463380508
1,0.827377243866,0.73769513178,2.53903584495e-12,-0.492377827843
1,-1.56610692589,-1.35557353834,2.48569342981,0.962353321388
1,0.827377243866,-1.35557353834,-1.13116105499,-0.357390858007
1,-0.369364841012,0.73769513178,-2.22160420498,-0.27089626879
0,0.827377243866,0.73769513178,2.53903584495e-12,-0.50286397293
0,0.827377243866,0.73769513178,-0.515526249063,-0.490279793438
0,0.827377243866,0.73769513178,-0.900298002765,-0.48130374989
1,-1.56610692589,-1.35557353834,0.715743362782,1.02594470393
0,0.827377243866,0.73769513178,-0.669434950544,-0.474004925785
0,0.827377243866,0.73769513178,2.53903584495e-12,-0.486337421687
1,0.827377243866,0.73769513178,0.1770629076,0.489103606817
1,-1.56610692589,0.73769513178,2.53903584495e-12,-0.0504214440974
0,0.827377243866,0.73769513178,-0.746389301284,-0.488854257585
0,-0.369364841012,0.73769513178,-1.05420670425,-0.43700743808
1,-1.56610692589,-1.35557353834,0.0231542061192,-0.0242463507548
0,0.827377243866,0.73769513178,0.369448784451,-0.518804604775
0,0.827377243866,0.73769513178,-0.977252353505,-0.474004925785
0,0.827377243866,0.73769513178,0.946606415003,-0.49640476528
0,0.827377243866,0.73769513178,2.53903584495e-12,0.751945840288
0,0.827377243866,0.73769513178,0.407925959821,-0.489442190451
0,-0.369364841012,0.73769513178,-0.130754495361,0.0160230236183
1,-1.56610692589,-1.35557353834,2.53903584495e-12,1.14566354047
0,0.827377243866,0.73769513178,-1.97765891313,-0.0187093117785
0,0.827377243866,0.73769513178,3.40914563869,-0.491874460663
0,0.827377243866,-1.35557353834,-1.59288715943,-0.34145223963
1,-1.56610692589,-1.35557353834,-1.05420670425,0.144885021612
0,-0.369364841012,-1.35557353834,1.10051511648,-0.124919786688
1,0.827377243866,-1.35557353834,-0.900298002765,-0.460162328344
1,-1.56610692589,-1.35557353834,1.17746946722,2.67111777845
1,-1.56610692589,0.73769513178,1.63919557167,-0.113845708735
1,0.827377243866,-1.35557353834,-0.438571898323,-0.260661807294
0,0.827377243866,0.73769513178,2.53903584495e-12,-0.50286397293
0,0.827377243866,0.73769513178,0.869652064263,-0.364355446304
0,-0.369364841012,0.73769513178,-0.669434950544,-0.416872750893
1,-1.56610692589,-1.35557353834,1.40833251945,-0.126345322541
0,0.827377243866,-1.35557353834,2.53903584495e-12,0.751945840288
0,-0.369364841012,0.73769513178,-0.438571898323,-0.386670720113
1,-0.369364841012,-1.35557353834,0.946606415003,-0.386670720113
1,-0.369364841012,-1.35557353834,-0.207708846102,-0.369389118101
0,-1.56610692589,0.73769513178,0.10010855686,0.368295483697
0,0.827377243866,0.73769513178,2.53903584495e-12,-0.457142125266
1,0.827377243866,0.73769513178,-1.97765891313,-0.424256140685
0,0.827377243866,0.73769513178,-0.284663196842,-0.489442190451
1,-1.56610692589,-1.35557353834,1.3313781687,0.409740723802
0,-1.56610692589,0.73769513178,0.25401725834,-0.547748217606
0,0.827377243866,0.73769513178,1.3313781687,-0.46720946886
1,-0.369364841012,-1.35557353834,-0.130754495361,-0.165189161061
1,0.827377243866,-1.35557353834,-1.13116105499,-0.502948538616
0,0.827377243866,0.73769513178,-0.746389301284,-0.450179550437
0,0.827377243866,0.73769513178,-0.823343652025,-0.489442190451
0,0.827377243866,0.73769513178,2.53903584495e-12,-0.489442190451
1,-1.56610692589,-1.35557353834,2.02396732537,1.02594470393
1,-0.369364841012,-1.35557353834,-0.361617547583,-0.124919786688
0,0.827377243866,0.73769513178,0.25401725834,-0.489442190451
0,0.827377243866,-1.35557353834,-0.592480599804,-0.436671188804
0,-0.369364841012,0.73769513178,-0.130754495361,-0.43700743808
0,0.827377243866,0.73769513178,-0.361617547583,-0.506472108874
0,0.827377243866,-1.35557353834,0.715743362782,-0.0619988892297
0,-0.369364841012,0.73769513178,-0.207708846102,-0.386670720113
1,-1.56610692589,-1.35557353834,-0.823343652025,-0.0443810379414
0,0.827377243866,-1.35557353834,2.53903584495e-12,-0.176263239014
1,-1.56610692589,0.73769513178,-0.284663196842,-0.0443810379414
0,0.827377243866,0.73769513178,0.1770629076,-0.492377827843
